Respondent ID,Collector ID,Start Date,End Date,IP Address,Email Address,First Name,Last Name,Custom Data 1,Please select your team,,,,,,,,,,,,Please select your team position,,,,,,,,,I feel positive and energised this week,,,,,,This week is going to be a good week!,,,,,,I feel my team is positive and energised this week,,,,,,I feel the Team Rep has energised and motivated our team for the week to come,,,,,,I know what i'm meant to do this week,,,,,,I believe I can achieve whatÂ I need to do this week,,,,,,I feel like my team mates know what they are meant to do this week,,,,,,I believe the team can achieve what it needs to do this week,,,,,,I feel like the Team Rep has helped us stay aligned to the vision this week,,,,,,I feel like the Team Rep has set realistic goals this week,,,,,
,,,,,,,,,Red Training,Red Coaching,Red Coaching and Training,Red Self-Managed,Blue Training,Blue Coaching,Blue Coaching and Training,Blue Self-Managed,Team BC,Team BT,Team BCT,Team BSM,Team Rep,Team Member 1,Team Member 2,Team Member 3,Team Member 4,Team BC,Team BT,Team BCT,Team BSM,Strongly Disagree,Disagree,Neutral,Agree,Strongly Agree,Additional comments,Strongly Disagree,Disagree,Neutral,Agree,Strongly Agree,Additional comments,Strongly Disagree,Disagree,Neutral,Agree,Strongly Agree,Additional comments,Strongly Disagree,Disagree,Neutral,Agree,Strongly Agree,Additional comments,Strongly Disagree,Disagree,Neutral,Agree,Strongly Agree,Additional comments,Strongly Disagree,Disagree,Neutral,Agree,Strongly Agree,Additional comments,Strongly Disagree,Disagree,Neutral,Agree,Strongly Agree,Additional comments,Strongly Disagree,Disagree,Neutral,Agree,Strongly Agree,Additional comments,Strongly Disagree,Disagree,Neutral,Agree,Strongly Agree,Additional comments,Strongly Disagree,Disagree,Neutral,Agree,Strongly Agree,Additional comments
6392685630,162006439,09/21/2017 03:44:12 PM,09/14/2017 03:44:54 PM,203.153.231.178,,,,,Red Training,,,,,,,,,,,,,,,,Team Member 4,,,,,,,,,Strongly Agree,,,,,,Strongly Agree,,,,,Agree,,,,,,Agree,,,,,,Agree,,,,,,Agree,,,,,,,Strongly Agree,,,,,Agree,,,,,Neutral,,,,,,Neutral,,,
6392684772,162006439,09/21/2017 03:44:12 PM,09/14/2017 03:44:09 PM,203.153.231.178,,,,,Red Training,,,,,,,,,,,,,,,Team Member 3,,,,,,Strongly Disagree,,,,,,Strongly Disagree,,,,,,,,,Agree,,,,,,Agree,,,,Disagree,,,,,,Disagree,,,,,,,,Agree,,,,,,Agree,,,,,Neutral,,,,,,Neutral,,,
6392684331,162006439,09/21/2017 03:44:12 PM,09/14/2017 03:43:46 PM,203.153.231.178,,,,,,,,,,,,Blue Self-Managed,,,,,,,,,Team Member 4,,,,,,,Neutral,,,,Strongly Disagree,,,,,,Strongly Disagree,,,,,,Strongly Disagree,,,,,,,Disagree,,,,,,,Neutral,,,,,,Neutral,,,,,,,Agree,,,,,,Agree,,,,,,,Strongly Agree,
6392684212,162006439,09/21/2017 03:44:12 PM,09/14/2017 03:43:40 PM,203.153.231.178,,,,,Red Training,,,,,,,,,,,,,,Team Member 2,,,,,,,,Disagree,,,,,,Disagree,,,,,,,Neutral,,,,,,Neutral,,,,,,Neutral,,,,,,Neutral,,,,,,,Agree,,,,,,Agree,,,,,,Agree,,,,,,Agree,,
6392682750,162006439,09/21/2017 03:44:12 PM,09/14/2017 03:42:29 PM,203.153.231.178,,,,,,,,,Blue Training,,,,,,,,,,,,Team Member 4,,,,,,Disagree,,,,"Sed ut perspiciatis unde omnis iste natus error sit voluptatem accusantium doloremque laudantium, totam rem aperiam, eaque ipsa quae ab illo inventore veritatis et quasi architecto beatae vitae dicta sunt explicabo",,,,,Strongly Agree,"Sed ut perspiciatis unde omnis iste natus error sit voluptatem accusantium doloremque laudantium, totam rem aperiam, eaque ipsa quae ab illo inventore veritatis et quasi architecto beatae vitae dicta sunt explicabo",,,Neutral,,,,,,,Agree,,,,,Neutral,,,,,,,Agree,,"Sed ut perspiciatis unde omnis iste natus error sit voluptatem accusantium doloremque laudantium, totam rem aperiam, eaque ipsa quae ab illo inventore veritatis et quasi architecto beatae vitae dicta sunt explicabo",,,Neutral,,,,Strongly Disagree,,,,,,Strongly Disagree,,,,,,,Disagree,,,,"Sed ut perspiciatis unde omnis iste natus error sit voluptatem accusantium doloremque laudantium, totam rem aperiam, eaque ipsa quae ab illo inventore veritatis et quasi architecto beatae vitae dicta sunt explicabo"
6392682172,162006439,09/21/2017 03:44:12 PM,09/14/2017 03:41:59 PM,203.153.231.178,,,,,,,,,Blue Training,,,,,,,,,,,Team Member 3,,,,,,,Disagree,,,,"Sed ut perspiciatis unde omnis iste natus error sit voluptatem accusantium doloremque laudantium, totam rem aperiam, eaque ipsa quae ab illo inventore veritatis et quasi architecto beatae vitae dicta sunt explicabo",,,Neutral,,,,,Disagree,,,,,,Disagree,,,,,,,Neutral,,,,,Disagree,,,,"Sed ut perspiciatis unde omnis iste natus error sit voluptatem accusantium doloremque laudantium, totam rem aperiam, eaque ipsa quae ab illo inventore veritatis et quasi architecto beatae vitae dicta sunt explicabo",,,,Agree,,"Sed ut perspiciatis unde omnis iste natus error sit voluptatem accusantium doloremque laudantium, totam rem aperiam, eaque ipsa quae ab illo inventore veritatis et quasi architecto beatae vitae dicta sunt explicabo",,,,Agree,,"Sed ut perspiciatis unde omnis iste natus error sit voluptatem accusantium doloremque laudantium, totam rem aperiam, eaque ipsa quae ab illo inventore veritatis et quasi architecto beatae vitae dicta sunt explicabo",,,,,Strongly Agree,"Sed ut perspiciatis unde omnis iste natus error sit voluptatem accusantium doloremque laudantium, totam rem aperiam, eaque ipsa quae ab illo inventore veritatis et quasi architecto beatae vitae dicta sunt explicabo",,Disagree,,,,
6392682081,162006439,09/21/2017 03:44:12 PM,09/14/2017 03:41:55 PM,203.153.231.178,,,,,,,Red Coaching and Training,,,,,,,,,,,Team Member 1,,,,,,,,,,,Agree,,,,,,,Strongly Agree,,,Disagree,,,,,Strongly Disagree,,,,,,,,Neutral,,,,,,Neutral,,,,,,,,Strongly Agree,,,,,Agree,,,,,Neutral,,,,,,Neutral,,,
6392681622,162006439,09/21/2017 03:44:12 PM,09/14/2017 03:41:32 PM,203.153.231.178,,,,,,,,,,Blue Coaching and Training,,,,,,,,,Team Member 2,,,,,,,,,,Agree,,,,,,Agree,,,,,Neutral,,,,,,,Agree,,,,Disagree,,,,,,,Neutral,,,,,,,Agree,,"Sed ut perspiciatis unde omnis iste natus error sit voluptatem accusantium doloremque laudantium, totam rem aperiam, eaque ipsa quae ab illo inventore veritatis et quasi architecto beatae vitae dicta sunt explicabo",,,Neutral,,,,Strongly Disagree,,,,,,,,,Agree,,"Sed ut perspiciatis unde omnis iste natus error sit voluptatem accusantium doloremque laudantium, totam rem aperiam, eaque ipsa quae ab illo inventore veritatis et quasi architecto beatae vitae dicta sunt explicabo"
6392680970,162006439,09/21/2017 03:44:12 PM,09/14/2017 03:41:00 PM,203.153.231.178,,,,,,,,,Blue Training,,,,,,,,,Team Member 1,,,,,,,,,Disagree,,,,"Sed ut perspiciatis unde omnis iste natus error sit voluptatem accusantium doloremque laudantium, totam rem aperiam, eaque ipsa quae ab illo inventore veritatis et quasi architecto beatae vitae dicta sunt explicabo",,,,,Strongly Agree,,,,,Agree,,,,Disagree,,,,,,,Neutral,,,,,,,Agree,,,,,Neutral,,,,,,,Agree,,,,,,,Strongly Agree,,,,Neutral,,,"Sed ut perspiciatis unde omnis iste natus error sit voluptatem accusantium doloremque laudantium, totam rem aperiam, eaque ipsa quae ab illo inventore veritatis et quasi architecto beatae vitae dicta sunt explicabo"
6392680891,162006439,09/21/2017 03:44:12 PM,09/14/2017 03:40:55 PM,203.153.231.178,,,,,,,,,Blue Training,,,,,,,,Team Rep,,,,,,,,,,,,Agree,,,,,,,Strongly Agree,,,Disagree,,,,,,,,Agree,,,,Disagree,,,,,,Disagree,,,,,,,,Agree,,,,,Neutral,,,,,,Neutral,,,,,,,,Strongly Agree,
6392680011,162006439,09/21/2017 03:44:12 PM,09/14/2017 03:40:09 PM,203.153.231.178,,,,,,,Red Coaching and Training,,,,,,,,,,Team Rep,,,,,,,,,Strongly Disagree,,,,,"Sed ut perspiciatis unde omnis iste natus error sit voluptatem accusantium doloremque laudantium, totam rem aperiam, eaque ipsa quae ab illo inventore veritatis et quasi architecto beatae vitae dicta sunt explicabo",,Disagree,,,,,,,,,Strongly Agree,,,,,Agree,,,,,Neutral,,,,Strongly Disagree,,,,,,,,,Agree,,,,Disagree,,,,,,,Neutral,,,,,,,Agree,,"Sed ut perspiciatis unde omnis iste natus error sit voluptatem accusantium doloremque laudantium, totam rem aperiam, eaque ipsa quae ab illo inventore veritatis et quasi architecto beatae vitae dicta sunt explicabo"
6392679897,162006439,09/21/2017 03:44:12 PM,09/14/2017 03:40:03 PM,203.153.231.178,,,,,,,,,,Blue Coaching,,,,,,,,,Team Member 2,,,,,,,,,Neutral,,,My chi was harnessed,,,,Agree,,It's a great day to be alive,Strongly Disagree,,,,,everyone else is miserable,,,,,Strongly Agree,They are psyched,,,,Agree,,Yep,,,,Agree,,,,,,Agree,,,,,,,Strongly Agree,,,,,Agree,,,,Disagree,,,,bit of a stretch
6392679541,162006439,09/21/2017 03:44:12 PM,09/14/2017 03:39:44 PM,203.153.231.178,,,,,,,Red Coaching and Training,,,,,,,,,,,,,,Team Member 4,,,,,,Disagree,,,,,Strongly Disagree,,,,,,Strongly Disagree,,,,,,Strongly Disagree,,,,,,,Disagree,,,,,,,Neutral,,,,,,,,Strongly Agree,,,Disagree,,,,,,,Neutral,,,,Strongly Disagree,,,,,
6392678904,162006439,09/21/2017 03:44:12 PM,09/14/2017 03:39:12 PM,203.153.231.178,,,,,,,,,,Blue Coaching,,,,,,,,,,Team Member 3,,,,,,,,,,Strongly Agree,"Sed ut perspiciatis unde omnis iste natus error sit voluptatem accusantium doloremque laudantium, totam rem aperiam, eaque ipsa quae ab illo inventore veritatis et quasi architecto beatae vitae dicta sunt explicabo",,,Neutral,,,,,,Neutral,,,,,,Neutral,,,,Strongly Disagree,,,,,,,,,,Strongly Agree,,,,Neutral,,,,Strongly Disagree,,,,,,Strongly Disagree,,,,,"Sed ut perspiciatis unde omnis iste natus error sit voluptatem accusantium doloremque laudantium, totam rem aperiam, eaque ipsa quae ab illo inventore veritatis et quasi architecto beatae vitae dicta sunt explicabo",Strongly Disagree,,,,,
6392678193,162006439,09/21/2017 03:44:12 PM,09/14/2017 03:38:36 PM,203.153.231.178,,,,,Red Training,,,,,,,,,,,,,Team Member 1,,,,,,,,Strongly Disagree,,,,,"Sed ut perspiciatis unde omnis iste natus error sit voluptatem accusantium doloremque laudantium, totam rem aperiam, eaque ipsa quae ab illo inventore veritatis et quasi architecto beatae vitae dicta sunt explicabo",Strongly Disagree,,,,,"Sed ut perspiciatis unde omnis iste natus error sit voluptatem accusantium doloremque laudantium, totam rem aperiam, eaque ipsa quae ab illo inventore veritatis et quasi architecto beatae vitae dicta sunt explicabo",,,Neutral,,,"Sed ut perspiciatis unde omnis iste natus error sit voluptatem accusantium doloremque laudantium, totam rem aperiam, eaque ipsa quae ab illo inventore veritatis et quasi architecto beatae vitae dicta sunt explicabo",,,,Agree,,"Sed ut perspiciatis unde omnis iste natus error sit voluptatem accusantium doloremque laudantium, totam rem aperiam, eaque ipsa quae ab illo inventore veritatis et quasi architecto beatae vitae dicta sunt explicabo",,,,,Strongly Agree,"Sed ut perspiciatis unde omnis iste natus error sit voluptatem accusantium doloremque laudantium, totam rem aperiam, eaque ipsa quae ab illo inventore veritatis et quasi architecto beatae vitae dicta sunt explicabo",,,Neutral,,,"Sed ut perspiciatis unde omnis iste natus error sit voluptatem accusantium doloremque laudantium, totam rem aperiam, eaque ipsa quae ab illo inventore veritatis et quasi architecto beatae vitae dicta sunt explicabo",,Disagree,,,,"Sed ut perspiciatis unde omnis iste natus error sit voluptatem accusantium doloremque laudantium, totam rem aperiam, eaque ipsa quae ab illo inventore veritatis et quasi architecto beatae vitae dicta sunt explicabo",Strongly Disagree,,,,,"Sed ut perspiciatis unde omnis iste natus error sit voluptatem accusantium doloremque laudantium, totam rem aperiam, eaque ipsa quae ab illo inventore veritatis et quasi architecto beatae vitae dicta sunt explicabo",Strongly Disagree,,,,,"Sed ut perspiciatis unde omnis iste natus error sit voluptatem accusantium doloremque laudantium, totam rem aperiam, eaque ipsa quae ab illo inventore veritatis et quasi architecto beatae vitae dicta sunt explicabo",,Disagree,,,,"Sed ut perspiciatis unde omnis iste natus error sit voluptatem accusantium doloremque laudantium, totam rem aperiam, eaque ipsa quae ab illo inventore veritatis et quasi architecto beatae vitae dicta sunt explicabo"
6392677451,162006439,09/21/2017 03:44:12 PM,09/14/2017 03:38:02 PM,203.153.231.178,,,,,Red Training,,,,,,,,,,,,Team Rep,,,,,,,,,,,Neutral,,,"Sed ut perspiciatis unde omnis iste natus error sit voluptatem accusantium doloremque laudantium, totam rem aperiam, eaque ipsa quae ab illo inventore veritatis et quasi architecto beatae vitae dicta sunt explicabo",,,Neutral,,,"Sed ut perspiciatis unde omnis iste natus error sit voluptatem accusantium doloremque laudantium, totam rem aperiam, eaque ipsa quae ab illo inventore veritatis et quasi architecto beatae vitae dicta sunt explicabo",,,,Agree,,"Sed ut perspiciatis unde omnis iste natus error sit voluptatem accusantium doloremque laudantium, totam rem aperiam, eaque ipsa quae ab illo inventore veritatis et quasi architecto beatae vitae dicta sunt explicabo",,,,,Strongly Agree,"Sed ut perspiciatis unde omnis iste natus error sit voluptatem accusantium doloremque laudantium, totam rem aperiam, eaque ipsa quae ab illo inventore veritatis et quasi architecto beatae vitae dicta sunt explicabo",,,Neutral,,,"Sed ut perspiciatis unde omnis iste natus error sit voluptatem accusantium doloremque laudantium, totam rem aperiam, eaque ipsa quae ab illo inventore veritatis et quasi architecto beatae vitae dicta sunt explicabo",Strongly Disagree,,,,,,,Disagree,,,,,,Disagree,,,,"Sed ut perspiciatis unde omnis iste natus error sit voluptatem accusantium doloremque laudantium, totam rem aperiam, eaque ipsa quae ab illo inventore veritatis et quasi architecto beatae vitae dicta sunt explicabo",,,,Agree,,,,Disagree,,,,"Sed ut perspiciatis unde omnis iste natus error sit voluptatem accusantium doloremque laudantium, totam rem aperiam, eaque ipsa quae ab illo inventore veritatis et quasi architecto beatae vitae dicta sunt explicabo"
6392676593,162006439,09/21/2017 03:44:12 PM,09/14/2017 03:37:20 PM,203.153.231.178,,,,,,,,,,Blue Coaching,,,,,,,Team Rep,,,,,,,,,Strongly Disagree,,,,,"Sed ut perspiciatis unde omnis iste natus error sit voluptatem accusantium doloremque laudantium, totam rem aperiam, eaque ipsa quae ab illo inventore veritatis et quasi architecto beatae vitae dicta sunt explicabo",,,,,Strongly Agree,"Sed ut perspiciatis unde omnis iste natus error sit voluptatem accusantium doloremque laudantium, totam rem aperiam, eaque ipsa quae ab illo inventore veritatis et quasi architecto beatae vitae dicta sunt explicabo",,,,Agree,,,,,,Agree,,,,,Neutral,,,"Sed ut perspiciatis unde omnis iste natus error sit voluptatem accusantium doloremque laudantium, totam rem aperiam, eaque ipsa quae ab illo inventore veritatis et quasi architecto beatae vitae dicta sunt explicabo",,,,,Strongly Agree,"Sed ut perspiciatis unde omnis iste natus error sit voluptatem accusantium doloremque laudantium, totam rem aperiam, eaque ipsa quae ab illo inventore veritatis et quasi architecto beatae vitae dicta sunt explicabo",,,,,Strongly Agree,,Strongly Disagree,,,,,,,Disagree,,,,,,Disagree,,,,"Sed ut perspiciatis unde omnis iste natus error sit voluptatem accusantium doloremque laudantium, totam rem aperiam, eaque ipsa quae ab illo inventore veritatis et quasi architecto beatae vitae dicta sunt explicabo"
