Respondent ID,Collector ID,Start Date,End Date,IP Address,Email Address,First Name,Last Name,Custom Data 1,Please select your team,,,,,,,,,,,,Please select you team position,,,,,,,,,I took the time to reflect on how I'm feeling this week,,,,,,It was easy for me to keep track of my thoughts and feelings this week,,,,,,I felt the members of my team were focused this week,,,,,,I felt that my Team Rep helped me stay on task this week,,,,,,I took time to think about how my actions can affect others this week,,,,,,I feel like my team mates thought about the consequences of their actions this week,,,,,,I felt the Team Rep took time to think about how their actions could affect others this week,,,,,,I managed to achieve what I set out to do this this week,,,,,,I felt my team mates achieved what they said they would do this week,,,,,,I felt the Team Rep achieved what they said they would do this week,,,,,,I feel like I gave my best to deliver a quality outcome this week,,,,,,I feel like my team did their best to deliver a quality outcome,,,,,,I feel like the Team Rep provided us with recognition this week,,,,,,I feel the Team Rep helped us achieve a quality outcome this week,,,,,,I've provided feedback to my team this week,
,,,,,,,,,Red Coaching,Red Training,Red Coaching and Training,Red Self-Managed,Blue Coaching,Blue Training,Blue Coaching and Training,Blue Self-Managed,Team BC,Team BT,Team BCT,Team BSM,Team Rep,Team Member 1,Team Member 2,Team Member 3,Team Member 4,Team BC,Team BT,Team BCT,Team BSM,Strongly Disagree,Disagree,Neutral,Agree,Strongly Agree,Additional comments,Strongly Disagree,Disagree,Neutral,Agree,Strongly Agree,Additional comments,Strongly Disagree,Disagree,Neutral,Agree,Strongly Agree,Additional comments,Strongly Disagree,Disagree,Neutral,Agree,Strongly Agree,Additional comments,Strongly Disagree,Disagree,Neutral,Agree,Strongly Agree,Additional comments,Strongly Disagree,Disagree,Neutral,Agree,Strongly Agree,Additional comments,Strongly Disagree,Disagree,Neutral,Agree,Strongly Agree,Additional comments,Strongly Disagree,Disagree,Neutral,Agree,Strongly Agree,Additional comments,Strongly Disagree,Disagree,Neutral,Agree,Strongly Agree,Additional comments,Strongly Disagree,Disagree,Neutral,Agree,Strongly Agree,Additional comments,Strongly Disagree,Disagree,Neutral,Agree,Strongly Agree,Additional comments,Strongly Disagree,Disagree,Neutral,Agree,Strongly Agree,Additional comments,Strongly Disagree,Disagree,Neutral,Agree,Strongly Agree,Additional comments,Strongly Disagree,Disagree,Neutral,Agree,Strongly Agree,Additional comments,Yes,No
6392680921,162006079,09/14/2017 03:40:12 PM,09/14/2017 03:40:57 PM,203.153.231.178,,,,,,,,,,,Blue Coaching and Training,,,,,,Team Rep,,,,,,,,,Strongly Disagree,,,,,,,,Neutral,,,,,Disagree,,,,,,,,,Strongly Agree,,,Disagree,,,,,,,Neutral,,,,Strongly Disagree,,,,,,,,Neutral,,,,Strongly Disagree,,,,,,Strongly Disagree,,,,,,,,,Agree,,,,,,Agree,,,,,Neutral,,,,,,Neutral,,,,Yes,
6392680513,162006079,09/14/2017 03:40:10 PM,09/14/2017 03:40:36 PM,203.153.231.178,,,,,,,,,,Blue Training,,,,,,,,,Team Member 2,,,,,,,,Disagree,,,,,,,Neutral,,,,,,,,Strongly Agree,,,,,Agree,,,,,,,Strongly Agree,,,Disagree,,,,,Strongly Disagree,,,,,,,Disagree,,,,,,Disagree,,,,,,,,Agree,,,,,,,Strongly Agree,,Strongly Disagree,,,,,,Strongly Disagree,,,,,,,,Neutral,,,,,No
6392679883,162006079,09/14/2017 03:33:10 PM,09/14/2017 03:40:02 PM,203.153.231.178,,,,,Red Coaching,,,,,,,,,,,,,,Team Member 2,,,,,,,,,,Agree,,,,,,Agree,,,,,,Agree,,,,Disagree,,,,,,,,Agree,,,,Disagree,,,,,Strongly Disagree,,,,,,,Disagree,,,,,,Disagree,,,,,,Disagree,,,,,,,,,Strongly Agree,,Strongly Disagree,,,,,,,,,Agree,,,Strongly Disagree,,,,,,Yes,
6392673802,162006079,09/14/2017 03:34:16 PM,09/14/2017 03:34:57 PM,203.153.231.178,,,,,Red Coaching,,,,,,,,,,,,,,Team Member 2,,,,,,,,Disagree,,,,"Lorem ipsum dolor sit amet, consectetur adipiscing elit, sed do eiusmod tempor incididunt ut labore et dolore magna aliqua. Ut enim ad minim veniam, quis nostrud exercitation ullamco laboris nisi ut aliquip ex ea commodo consequat. ",,,,Agree,,"Lorem ipsum dolor sit amet, consectetur adipiscing elit, sed do eiusmod tempor incididunt ut labore et dolore magna aliqua. Ut enim ad minim veniam, quis nostrud exercitation ullamco laboris nisi ut aliquip ex ea commodo consequat. ",,,,Agree,,"Lorem ipsum dolor sit amet, consectetur adipiscing elit, sed do eiusmod tempor incididunt ut labore et dolore magna aliqua. Ut enim ad minim veniam, quis nostrud exercitation ullamco laboris nisi ut aliquip ex ea commodo consequat. ",,,Neutral,,,"Lorem ipsum dolor sit amet, consectetur adipiscing elit, sed do eiusmod tempor incididunt ut labore et dolore magna aliqua. Ut enim ad minim veniam, quis nostrud exercitation ullamco laboris nisi ut aliquip ex ea commodo consequat. ",,,Neutral,,,"Lorem ipsum dolor sit amet, consectetur adipiscing elit, sed do eiusmod tempor incididunt ut labore et dolore magna aliqua. Ut enim ad minim veniam, quis nostrud exercitation ullamco laboris nisi ut aliquip ex ea commodo consequat. ",,,,Agree,,"Lorem ipsum dolor sit amet, consectetur adipiscing elit, sed do eiusmod tempor incididunt ut labore et dolore magna aliqua. Ut enim ad minim veniam, quis nostrud exercitation ullamco laboris nisi ut aliquip ex ea commodo consequat. ",,Disagree,,,,"Lorem ipsum dolor sit amet, consectetur adipiscing elit, sed do eiusmod tempor incididunt ut labore et dolore magna aliqua. Ut enim ad minim veniam, quis nostrud exercitation ullamco laboris nisi ut aliquip ex ea commodo consequat. ",,,,,Strongly Agree,"Lorem ipsum dolor sit amet, consectetur adipiscing elit, sed do eiusmod tempor incididunt ut labore et dolore magna aliqua. Ut enim ad minim veniam, quis nostrud exercitation ullamco laboris nisi ut aliquip ex ea commodo consequat. ",,,Neutral,,,"Lorem ipsum dolor sit amet, consectetur adipiscing elit, sed do eiusmod tempor incididunt ut labore et dolore magna aliqua. Ut enim ad minim veniam, quis nostrud exercitation ullamco laboris nisi ut aliquip ex ea commodo consequat. ",,,,Agree,,"Lorem ipsum dolor sit amet, consectetur adipiscing elit, sed do eiusmod tempor incididunt ut labore et dolore magna aliqua. Ut enim ad minim veniam, quis nostrud exercitation ullamco laboris nisi ut aliquip ex ea commodo consequat. ",,Disagree,,,,,,,Neutral,,,,,,,,Strongly Agree,,Strongly Disagree,,,,,,,No
6392672635,162006079,09/14/2017 03:33:02 PM,09/14/2017 03:33:57 PM,203.153.231.178,,,,,,Red Training,,,,,,,,,,,,Team Member 1,,,,,,,,Strongly Disagree,,,,,"Lorem ipsum dolor sit amet, consectetur adipiscing elit, sed do eiusmod tempor incididunt ut labore et dolore magna aliqua. Ut enim ad minim veniam, quis nostrud exercitation ullamco laboris nisi ut aliquip ex ea commodo consequat. ",,,,Agree,,,,,Neutral,,,"Lorem ipsum dolor sit amet, consectetur adipiscing elit, sed do eiusmod tempor incididunt ut labore et dolore magna aliqua. Ut enim ad minim veniam, quis nostrud exercitation ullamco laboris nisi ut aliquip ex ea commodo consequat. ",,,Neutral,,,"Lorem ipsum dolor sit amet, consectetur adipiscing elit, sed do eiusmod tempor incididunt ut labore et dolore magna aliqua. Ut enim ad minim veniam, quis nostrud exercitation ullamco laboris nisi ut aliquip ex ea commodo consequat. ",,,,,Strongly Agree,,Strongly Disagree,,,,,,,,,Agree,,"Lorem ipsum dolor sit amet, consectetur adipiscing elit, sed do eiusmod tempor incididunt ut labore et dolore magna aliqua. Ut enim ad minim veniam, quis nostrud exercitation ullamco laboris nisi ut aliquip ex ea commodo consequat. ",,,,,Strongly Agree,"Lorem ipsum dolor sit amet, consectetur adipiscing elit, sed do eiusmod tempor incididunt ut labore et dolore magna aliqua. Ut enim ad minim veniam, quis nostrud exercitation ullamco laboris nisi ut aliquip ex ea commodo consequat. ",,,,,Strongly Agree,,,,,,Strongly Agree,,,,,Agree,,"Lorem ipsum dolor sit amet, consectetur adipiscing elit, sed do eiusmod tempor incididunt ut labore et dolore magna aliqua. Ut enim ad minim veniam, quis nostrud exercitation ullamco laboris nisi ut aliquip ex ea commodo consequat. ",,,,,Strongly Agree,,,,,Agree,,"Lorem ipsum dolor sit amet, consectetur adipiscing elit, sed do eiusmod tempor incididunt ut labore et dolore magna aliqua. Ut enim ad minim veniam, quis nostrud exercitation ullamco laboris nisi ut aliquip ex ea commodo consequat. ",,,,Agree,,"Lorem ipsum dolor sit amet, consectetur adipiscing elit, sed do eiusmod tempor incididunt ut labore et dolore magna aliqua. Ut enim ad minim veniam, quis nostrud exercitation ullamco laboris nisi ut aliquip ex ea commodo consequat. ",Yes,
6392671151,162006079,09/14/2017 03:32:02 PM,09/14/2017 03:32:41 PM,203.153.231.178,,,,,,Red Training,,,,,,,,,,,,,,,Team Member 4,,,,,,Disagree,,,,"Lorem ipsum dolor sit amet, consectetur adipiscing elit, sed do eiusmod tempor incididunt ut labore et dolore magna aliqua. Ut enim ad minim veniam, quis nostrud exercitation ullamco laboris nisi ut aliquip ex ea commodo consequat. ",,,,Agree,,"Lorem ipsum dolor sit amet, consectetur adipiscing elit, sed do eiusmod tempor incididunt ut labore et dolore magna aliqua. Ut enim ad minim veniam, quis nostrud exercitation ullamco laboris nisi ut aliquip ex ea commodo consequat. ",,,,Agree,,,,Disagree,,,,,,Disagree,,,,,Strongly Disagree,,,,,,,,,,Strongly Agree,"Lorem ipsum dolor sit amet, consectetur adipiscing elit, sed do eiusmod tempor incididunt ut labore et dolore magna aliqua. Ut enim ad minim veniam, quis nostrud exercitation ullamco laboris nisi ut aliquip ex ea commodo consequat. ",,,,,Strongly Agree,,,,,,Strongly Agree,,,,,Agree,,,,Disagree,,,,,,Disagree,,,,,Strongly Disagree,,,,,,,,,,Strongly Agree,,Yes,
6392670156,162006079,09/14/2017 03:30:18 PM,09/14/2017 03:31:50 PM,203.153.231.178,,,,,Red Coaching,,,,,,,,,,,,,,,Team Member 3,,,,,,Strongly Disagree,,,,,"Lorem ipsum dolor sit amet, consectetur adipiscing elit, sed do eiusmod tempor incididunt ut labore et dolore magna aliqua. Ut enim ad minim veniam, quis nostrud exercitation ullamco laboris nisi ut aliquip ex ea commodo consequat. ",,,,,Strongly Agree,"Lorem ipsum dolor sit amet, consectetur adipiscing elit, sed do eiusmod tempor incididunt ut labore et dolore magna aliqua. Ut enim ad minim veniam, quis nostrud exercitation ullamco laboris nisi ut aliquip ex ea commodo consequat. ",Strongly Disagree,,,,,"Lorem ipsum dolor sit amet, consectetur adipiscing elit, sed do eiusmod tempor incididunt ut labore et dolore magna aliqua. Ut enim ad minim veniam, quis nostrud exercitation ullamco laboris nisi ut aliquip ex ea commodo consequat. ",,,,,Strongly Agree,"Lorem ipsum dolor sit amet, consectetur adipiscing elit, sed do eiusmod tempor incididunt ut labore et dolore magna aliqua. Ut enim ad minim veniam, quis nostrud exercitation ullamco laboris nisi ut aliquip ex ea commodo consequat. ",,,,Agree,,"Lorem ipsum dolor sit amet, consectetur adipiscing elit, sed do eiusmod tempor incididunt ut labore et dolore magna aliqua. Ut enim ad minim veniam, quis nostrud exercitation ullamco laboris nisi ut aliquip ex ea commodo consequat. ",,,,Agree,,"Lorem ipsum dolor sit amet, consectetur adipiscing elit, sed do eiusmod tempor incididunt ut labore et dolore magna aliqua. Ut enim ad minim veniam, quis nostrud exercitation ullamco laboris nisi ut aliquip ex ea commodo consequat. ",,,,Agree,,"Lorem ipsum dolor sit amet, consectetur adipiscing elit, sed do eiusmod tempor incididunt ut labore et dolore magna aliqua. Ut enim ad minim veniam, quis nostrud exercitation ullamco laboris nisi ut aliquip ex ea commodo consequat. ",,,,Agree,,"Lorem ipsum dolor sit amet, consectetur adipiscing elit, sed do eiusmod tempor incididunt ut labore et dolore magna aliqua. Ut enim ad minim veniam, quis nostrud exercitation ullamco laboris nisi ut aliquip ex ea commodo consequat. ",,,,Agree,,"Lorem ipsum dolor sit amet, consectetur adipiscing elit, sed do eiusmod tempor incididunt ut labore et dolore magna aliqua. Ut enim ad minim veniam, quis nostrud exercitation ullamco laboris nisi ut aliquip ex ea commodo consequat. ",,Disagree,,,,"Lorem ipsum dolor sit amet, consectetur adipiscing elit, sed do eiusmod tempor incididunt ut labore et dolore magna aliqua. Ut enim ad minim veniam, quis nostrud exercitation ullamco laboris nisi ut aliquip ex ea commodo consequat. ",,Disagree,,,,"Lorem ipsum dolor sit amet, consectetur adipiscing elit, sed do eiusmod tempor incididunt ut labore et dolore magna aliqua. Ut enim ad minim veniam, quis nostrud exercitation ullamco laboris nisi ut aliquip ex ea commodo consequat. ",,Disagree,,,,"Lorem ipsum dolor sit amet, consectetur adipiscing elit, sed do eiusmod tempor incididunt ut labore et dolore magna aliqua. Ut enim ad minim veniam, quis nostrud exercitation ullamco laboris nisi ut aliquip ex ea commodo consequat. ",,,,Agree,,"Lorem ipsum dolor sit amet, consectetur adipiscing elit, sed do eiusmod tempor incididunt ut labore et dolore magna aliqua. Ut enim ad minim veniam, quis nostrud exercitation ullamco laboris nisi ut aliquip ex ea commodo consequat. ",,,,Agree,,,Yes,
6392668095,162006079,09/14/2017 03:29:35 PM,09/14/2017 03:30:07 PM,203.153.231.178,,,,,Red Coaching,,,,,,,,,,,,,,,Team Member 3,,,,,,Strongly Disagree,,,,,,,,,Agree,,,,,,Agree,,,,,,,Strongly Agree,,,,,Agree,,,,,Neutral,,,,,,,,Strongly Agree,,,,,,Strongly Agree,,,,,,Strongly Agree,,,,,,Strongly Agree,,,,,Agree,,,,,,,Strongly Agree,,,,,Agree,,,,,,,Strongly Agree,,,No
6392667325,162006079,09/14/2017 03:28:30 PM,09/14/2017 03:29:28 PM,203.153.231.178,,,,,Red Coaching,,,,,,,,,,,,,Team Member 1,,,,,,,,,Disagree,,,,,,,,Agree,,,,Disagree,,,,My team members aren't very good,,,,,Strongly Agree,,,,,,Strongly Agree,sure do,,,,,Strongly Agree,,,,,,Strongly Agree,,,,,Agree,,,,,,Agree,,,,,,Agree,,,,,Neutral,,,,,,,,Strongly Agree,,,,,,Strongly Agree,Yes,,,,,Strongly Agree,,Yes,
6392662256,162006079,09/14/2017 03:24:06 PM,09/14/2017 03:25:11 PM,203.153.231.178,,,,,Red Coaching,,,,,,,,,,,,Team Rep,,,,,,,,,Strongly Disagree,,,,,,,Disagree,,,,,Strongly Disagree,,,,,,,,,Agree,,,,,,Agree,,,,Disagree,,,,,,Disagree,,,,My Team Rep is no good,,Disagree,,,,Would help if i knew what i had to do,,,,,Strongly Agree,,,,Neutral,,,,,,Neutral,,,,,Disagree,,,,,,Disagree,,,,Never does!,,,Neutral,,,,Yes,
